{"jeNh117mlgLVO6EchpJWpw==":"banner%202-2000x1000.jpg","FxP4oKVklsVZhPI2wuTRaA==":"banner2-2000x1053.jpg","EXsxOT0B3Br1IVWpXEadEg==":"banner5-2000x1053.jpg","wkc70yNS4Vh2ytULJEDQUQ==":"banner4-2000x1053.jpg","DWaA/ALWGqRoMvCT23rEVw==":"banner3-2000x1053.jpg","KvRxvNRfkfYKfI2NlzVivQ==":"banner1-1-2000x1053.jpg","x0AmKNUBbTZ7tSfzeZJIGQ==":"logo33-607x228.png","N4YXkFurOU1HO8ulx/rYKw==":"banner%203-2000x1000.jpg","R4XDrVp2BCovdj/ONKALgA==":"empresa-836x836.png","rAZP8N4hoxcr5CpuUTicDQ==":"fondolaberinto-1920x900.jpg","l/cpXfTubC6huaN3wzfq7A==":"ser1-570x570.jpg","czlw2WA27tjoS/urPKcFWw==":"ser2-570x570.jpg","8Rl4/IDSD5o/7dCW0lJovQ==":"ser3-570x570.jpg","Q1iUGQW485cMcXM/Eizcaw==":"67214-2000x1125.jpg","XUinSripiLfxxNv/gwk+6w==":"children-1.jpg","8fV1S9E0gSTojT3R3vx7bA==":"1-566x396.jpg","jreC2PchCaJyIis2nBOPQA==":"2-566x396.jpg","JlvD7EzQCU/6q9DTnesmpw==":"3-566x396.jpg","n9y7ECVLhqnQo64j+iJyuA==":"4-566x396.jpg","Aj7zvZ/Uy0A+WnbCWrVB4A==":"5-566x396.jpg","EniF1tGuBGYhPt2yxtHEcg==":"6-566x396.jpg","KKX8RXy/dO70t+R128+G6A==":"7-566x396.jpg","yFF2sKsO8Q2b051kK2BD6Q==":"8-566x396.jpg","DUm8jEpNI18AKPA8OMjPUA==":"fondo-2000x1334.jpg","jCbj4ZN+2XBAoGgDdPNp9g==":"9-566x396.jpg","gGTdTug9sQeH5R0rIQcKFw==":"10-566x396.jpg","/TpheyhJ/nWeLZ27Lbcz2Q==":"11-566x396.jpg","es2Ik2EAR6vhOhemp+k9vA==":"12-566x396.jpg","7MHx1aEWM8uQev90Yv0aFQ==":"13-566x396.jpg","/v3eTHwwLBeWQEEbhQ0fXA==":"14-566x396.jpg","DwzkOoCAqX5zErkds4ucnQ==":"15-566x396.jpg","Wzc2zg/j8E1KkQZIzgF2aw==":"16-566x396.jpg","DN94dQwQUrL9n6obeNTOOQ==":"sin%20t%C3%ADtulo-1-1360x768.jpg","JJEsfUsGpqKa+EYqrOOqqQ==":"background8.jpg","cnsAtGxoDcDeuP25TolkkQ==":"fondo3-1360x768.jpg","Q50nLhmVTqa0k3o2AWeoNw==":"17-566x396.jpg","Ht3yLlFs4TcixLDuhkyRAA==":"18-566x396.jpg","RQ0zE/1UpnwMOqc6BiHVXQ==":"19-566x396.jpg","fVstif+drNbNLiwnkqfCaw==":"20-566x396.jpg","QqUUc48WbXmhd3uHCxETvQ==":"banner4-1-2000x1053.jpg","zhdL0Eihu44NZZSDy4QvKw==":"banner4-1-1600x842.jpg","dXmR6C2aCgch0W0shqSczA==":"banner6-2000x1053.jpg","WZcRTDGBAIuZt9psOxiF9g==":"banner3-1-2000x1053.jpg","bdZQGZSSDTJV4rVYCM0zFg==":"banner3-1-1600x842.jpg","SPi5y1CkLbqwAi5K4ZhgkQ==":"banner1-2000x1053.jpg","w6wnHMPIgqMTe38oMApgSQ==":"banner1-1600x842.jpg","brp9nmZf1i4eYoAmSc4IOg==":"banner1-2-2000x1053.jpg","VqNRV3xiflzew+dr1Y7ptg==":"banner1-2-1600x842.jpg","bvYdN1MwW3tSKef+wvJjvg==":"banner1-3-2000x1053.jpg","CfwQeP7Ow4ZXJ9q44hHUIw==":"banner1-3-1600x842.jpg"}